TaxonId,SwedishName,ScientificName,TLS_CITES,TLS_Bern,TLS_Bonn,TLS_FD1,TLS_Prio,TLS_Fridlyst,TLS_HD2,TLS_HD2P,TLS_HD4,TLS_HD5,TLS_IAS_Union_EU
18,,Ajuga reptans,,,,,,,,,,,
648,,Filago vulgaris,,,,,,Ja,,,,,
690,,Genista anglica,,,,,,Ja,,,,,
692,,Genista pilosa,,,,,,,,,,,
782,,Hookeria lucens,,,,,,Ja,,,,,
1095,,Normandina pulchella,,,,,,,,,,,
1116,,Alyxoria ochrocheila,,,,,,,,,,,
1174,,Pedicularis sylvatica,,,,,,,,,,,
1667,,Viscum album,,,,,,Ja,,,,,
1752,,Taraxacum duplidentifrons,,,,,,,,,,,
1885,,Gentiana pneumonanthe,,,,,,Ja,,,,,
1895,,Lycopodiella inundata,,,,,,Ja,,,,Ja,
1971,,Camarops polysperma,,,,,,,,,,,
2378,,Plagiomnium affine,,,,,,,,,,,
2608,,Frullania dilatata,,,,,,,,,,,
2660,,Fontinalis antipyretica,,,,,,,,,,,
2677,,Thuidium tamariscinum,,,,,,,,,,,
2769,,Sciuro-hypnum plumosum,,,,,,,,,,,
2779,,Homalothecium sericeum,,,,,,,,,,,
2809,,Hylocomiastrum umbratum,,,,,,,,,,,
2810,,Rhytidiadelphus loreus,,,,,,,,,,,
2846,,Polytrichum commune,,,,,,,,,,,
2850,,Polytrichum piliferum,,,,,,,,,,,
2971,,Amanita crocea,,,,,,,,,,,
3150,,Botryobasidium subcoronatum,,,,,,,,,,,
3185,,Calocera viscosa,,,,,,,,,,,
3812,,Crucibulum laeve,,,,,,,,,,,
4138,,Fomes fomentarius,,,,,,,,,,,
4139,,Fomitopsis pinicola,,,,,,,,,,,
4182,,Ganoderma applanatum,,,,,,,,,,,
4370,,Hydnum repandum s. lat.,,,,,,,,,,,
4493,,Hypholoma fasciculare,,,,,,,,,,,
4494,,Hypholoma lateritium,,,,,,,,,,,
4660,,Inocutis rheades,,,,,,,,,,,
4665,,Ischnoderma benzoinum,,,,,,,,,,,
4672,,Laccaria amethystina,,,,,,,,,,,
4783,,Lactifluus vellereus,,,,,,,,,,,
4789,,Laetiporus sulphureus,,,,,,,,,,,
4843,,Trametes betulina,,,,,,,,,,,
4927,,Lycogala epidendrum s.lat.,,,,,,,,,,,
5267,,Postia stiptica,,,,,,,,,,,
5591,,Lentinus brumalis,,,,,,,,,,,
5898,,Russula nigricans,,,,,,,,,,,
5993,,Scytinostroma portentosum,,,,,,,,,,,
6057,,Stereum hirsutum,,,,,,,,,,,
6059,,Stereum rugosum,,,,,,,,,,,
6087,,Suillus grevillei,,,,,,,,,,,Ja
6428,,Arthonia vinosa,,,,,,,,,,,
6436,,Calicium adspersum,,,,,,,,,,,
6458,,Lobaria pulmonaria,,,,,,,,,,,
100004,,Alcedo atthis,,Ja,,Ja,,Ja,,,,,
100019,,Branta leucopsis,,Ja,Ja,Ja,,Ja,,,,,
100025,,Acanthis flammea cabaret,,,,,,,,,,,
100031,,Ciconia ciconia,,Ja,Ja,Ja,,Ja,,,,,
100033,,Circus aeruginosus,Ja,Ja,Ja,Ja,,Ja,,,,,
100034,,Circus cyaneus,Ja,Ja,Ja,Ja,Ja,Ja,,Ja,,,
100037,,Coccothraustes coccothraustes,,Ja,,,,Ja,,,,,
100045,,Cygnus cygnus,,Ja,Ja,Ja,Ja,Ja,,Ja,,,
100048,,Dryobates minor,,Ja,,,Ja,Ja,,Ja,,,
100049,,Dryocopus martius,,Ja,,Ja,Ja,Ja,,Ja,,,
100053,,Erinaceus europaeus,,Ja,,,,,,,,,
100065,,Grus grus,Ja,Ja,Ja,Ja,Ja,Ja,,Ja,,,
100067,,Haliaeetus albicilla,Ja,Ja,Ja,Ja,Ja,Ja,,Ja,,,
100070,,Lacerta agilis,,Ja,,,,Ja,,,Ja,,
100082,,Milvus milvus,Ja,Ja,Ja,Ja,Ja,Ja,,Ja,,,
100088,,Natrix natrix,,Ja,,,,Ja,,,,,
100090,,Nucifraga caryocatactes,,Ja,,,Ja,Ja,,Ja,,,
100092,,Nyctalus noctula,,Ja,Ja,,,Ja,,,Ja,,
100096,,Pandion haliaetus,Ja,Ja,Ja,Ja,Ja,Ja,,Ja,,,
100102,,Phalacrocorax carbo,,Ja,,,,Ja,,,,,
101132,,Ibisia marginata,,,,,,,,,,,
101574,,Piezodorus lituratus,,,,,,,,,,,
101735,,Scardia boletella,,,,,,,,,,,
101969,,Vespa crabro,,,,,,,,,,,
102118,,Caprimulgus europaeus,,Ja,,Ja,Ja,Ja,,Ja,,,
102119,,Jynx torquilla,,Ja,,,Ja,Ja,,Ja,,,
102207,,Cetonia aurata,,,,,,,,,,,
102366,,Adscita statices,,,,,,,,,,,
102606,,Sciurus vulgaris,,Ja,,,,,,,,,
102623,,Lullula arborea,,Ja,,Ja,Ja,Ja,,Ja,,,
102921,,Gomphus vulgatissimus,,,,,,,,,,,
102928,,Anser anser,,Ja,Ja,,,Ja,Ja,,,,
102929,,Branta canadensis,,,,,,,Ja,,,,Ja
102933,,Anas platyrhynchos,,Ja,Ja,,,Ja,Ja,,,,
102937,,Bucephala clangula,,Ja,Ja,,,Ja,Ja,,,,
102940,,Mergus merganser,,Ja,Ja,,,Ja,Ja,,,,
102941,,Accipiter nisus,Ja,Ja,Ja,,,Ja,,,,,
102942,,Buteo buteo,Ja,Ja,Ja,,,Ja,,,,,
102943,,Falco subbuteo,Ja,Ja,Ja,,,Ja,,,,,
102946,,Phasianus colchicus,,,,,,,Ja,,,,Ja
102955,,Scolopax rusticola,,Ja,Ja,,,Ja,Ja,,,,
102960,,Tringa ochropus,,Ja,Ja,,,Ja,,,,,
102961,,Actitis hypoleucos,,Ja,Ja,,Ja,Ja,,Ja,,,
102964,,Larus canus,,Ja,,,,Ja,Ja,,,,
102971,,Columba palumbus,,,,,,Ja,Ja,,,,
102974,,Strix aluco,Ja,Ja,,,,Ja,,,,,
102975,,Asio otus,Ja,Ja,,,,Ja,,,,,
102976,,Apus apus,,Ja,,,Ja,Ja,,Ja,,,
102977,,Picus viridis,,Ja,,,Ja,Ja,,Ja,,,
102978,,Dendrocopos major,,Ja,,,,Ja,,,,,
102980,,Hirundo rustica,,Ja,,,,Ja,,,,,
102982,,Anthus trivialis,,Ja,,,,Ja,,,,,
102986,,Motacilla cinerea,,Ja,,,,Ja,,,,,
102987,,Motacilla alba,,Ja,,,,Ja,,,,,
102988,,Cinclus cinclus,,Ja,,,,Ja,,,,,
102989,,Troglodytes troglodytes,,Ja,,,,Ja,,,,,
102990,,Prunella modularis,,Ja,,,,Ja,,,,,
102991,,Erithacus rubecula,,Ja,Ja,,,Ja,,,,,
102994,,Phoenicurus phoenicurus,,Ja,Ja,,,Ja,,,,,
102997,,Turdus torquatus,,Ja,Ja,,,Ja,,,,,
102998,,Turdus merula,,Ja,Ja,,,Ja,Ja,,,,
102999,,Turdus pilaris,,Ja,Ja,,,Ja,Ja,,,,
103000,,Turdus philomelos,,Ja,Ja,,,Ja,Ja,,,,
103001,,Turdus iliacus,,Ja,Ja,,,Ja,Ja,,,,
103002,,Turdus viscivorus,,Ja,Ja,,,Ja,Ja,,,,
103006,,Acrocephalus scirpaceus,,Ja,Ja,,,Ja,,,,,
103007,,Hippolais icterina,,Ja,Ja,,,Ja,,,,,
103008,,Curruca curruca,,Ja,Ja,,,Ja,,,,,
103009,,Curruca communis,,Ja,Ja,,,Ja,,,,,
103010,,Sylvia borin,,Ja,Ja,,,Ja,,,,,
103011,,Sylvia atricapilla,,Ja,Ja,,,Ja,,,,,
103012,,Phylloscopus sibilatrix,,Ja,Ja,,,Ja,,,,,
103013,,Phylloscopus collybita,,Ja,Ja,,,Ja,,,,,
103014,,Phylloscopus trochilus,,Ja,Ja,,,Ja,,,,,
103015,,Regulus regulus,,Ja,Ja,,,Ja,,,,,
103016,,Regulus ignicapilla,,Ja,Ja,,Ja,Ja,,Ja,,,
103017,,Muscicapa striata,,Ja,Ja,,,Ja,,,,,
103018,,Ficedula hypoleuca,,Ja,Ja,,,Ja,,,,,
103019,,Aegithalos caudatus,,Ja,,,,Ja,,,,,
103020,,Poecile palustris,,Ja,,,Ja,Ja,,Ja,,,
103021,,Poecile montanus,,Ja,,,Ja,Ja,,Ja,,,
103023,,Lophophanes cristatus,,Ja,,,,Ja,,,,,
103024,,Periparus ater,,Ja,,,,Ja,,,,,
103025,,Cyanistes caeruleus,,Ja,,,,Ja,,,,,
103026,,Parus major,,Ja,,,,Ja,,,,,
103027,,Sitta europaea,,Ja,,,,Ja,,,,,
103028,,Certhia familiaris,,Ja,,,,Ja,,,,,
103030,,Garrulus glandarius,,,,,,Ja,Ja,,,,
103032,,Pica pica,,,,,,Ja,Ja,,,,
103033,,Coloeus monedula,,,,,,Ja,Ja,,,,
103036,,Corvus corax,,Ja,,,,Ja,,,,,
103037,,Sturnus vulgaris,,,,,,Ja,Ja,,,,
103038,,Passer domesticus,,,,,,Ja,,,,,
103039,,Passer montanus,,Ja,,,,Ja,,,,,
103040,,Fringilla coelebs,,Ja,,,,Ja,,,,,
103041,,Fringilla montifringilla,,Ja,,,,Ja,,,,,
103042,,Chloris chloris,,Ja,,,,Ja,,,,,
103043,,Carduelis carduelis,,Ja,,,,Ja,,,,,
103044,,Spinus spinus,,Ja,,,,Ja,,,,,
103049,,Loxia curvirostra,,Ja,,,,Ja,,,,,
103050,,Loxia pytyopsittacus,,Ja,,,,Ja,,,,,
103052,,Pyrrhula pyrrhula,,Ja,,,,Ja,,,,,
103055,,Emberiza citrinella,,Ja,,,,Ja,,,,,
103058,,Anser albifrons,,Ja,Ja,,,Ja,,,,,
103176,,Macropis europaea,,,,,,,,,,,
103249,,Bombus bohemicus,,,,,,,,,,,
103258,,Bombus pascuorum,,,,,,,,,,,
103278,,Bombus lucorum,,,,,,,,,,,
103311,,Carabus coriaceus,,,,,,,,,,,
103312,,Cychrus caraboides,,,,,,,,,,,
103314,,Cicindela hybrida,,,,,,,,,,,
103315,,Cicindela campestris,,,,,,,,,,,
103705,,Orectochilus villosus,,,,,,,,,,,
103832,,Hydraena gracilis,,,,,,,,,,,
104027,,Nicrophorus vespillo,,,,,,,,,,,
105074,,Trichius fasciatus,,,,,,,,,,,
105077,,Elmis aenea,,,,,,,,,,,
105080,,Limnius volckmari,,,,,,,,,,,
105176,,Selatosomus cruciatus,,,,,,,,,,,
105194,,Dalopius marginatus,,,,,,,,,,,
105667,,Coccinella septempunctata,,,,,,,,,,,
106260,,Otiorhynchus ligustici,,,,,,,,,,,
106570,,Ips typographus,,,,,,,,,,,
106670,,Arion ater ater,,,,,,,,,,,
200027,,Mecostethus grossus,,,,,,,,,,,
200207,,Tachina ursina,,,,,,,,,,,
200549,,Didea alneti,,,,,,,,,,,
200581,,Eristalis pertinax,,,,,,,,,,,
200586,,Eristalis tenax,,,,,,,,,,,
200801,,Syrphus ribesii,,,,,,,,,,,
200808,,Temnostoma vespiforme,,,,,,,,,,,
200816,,Volucella pellucens,,,,,,,,,,,
200889,,Polydesmus denticulatus,,,,,,,,,,,
201006,,Formica rufa,,,,,,,,,,,
201031,,Ochlodes sylvanus,,,,,,,,,,,
201044,,Anthocharis cardamines,,,,,,,,,,,
201051,,Gonepteryx rhamni,,,,,,,,,,,
201059,,Aglais io,,,,,,,,,,,
201060,,Vanessa atalanta,,,,,,,,,,,
201061,,Vanessa cardui,,,,,,,,,,,
201062,,Aglais urticae,,,,,,,,,,,
201065,,Argynnis paphia,,,,,,,,,,,
201071,,Brenthis ino,,,,,,,,,,,
201075,,Boloria selene,,,,,,,,,,,
201076,,Boloria euphrosyne,,,,,,,,,,,
201108,,Coenonympha tullia,,,,,,,,,,,
201113,,Pararge aegeria,,,,,,,,,,,
201126,,Lycaena phlaeas,,,,,,,,,,,
201144,,Polyommatus icarus,,,,,,,,,,,
201153,,Plebejus idas,,,,,,,,,,,
201164,,Zygaena filipendulae,,,,,,,,,,,
201188,,Laothoe populi,,,,,,,,,,,
201189,,Agrius convolvuli,,,,,,,,,,,
201220,,Ptilodon capucina,,,,,,,,,,,
201231,,Phalera bucephala,,,,,,,,,,,
201245,,Lymantria monacha,,,,,,,,,,,
201254,,Eilema lurideola,,,,,,,,,,,
201273,,Arctia caja,,,,,,,,,,,
205976,,Corvus corone cornix,,,,,,,Ja,,,,
205992,,Myotis daubentonii,,Ja,Ja,,,Ja,,,Ja,,
205995,,Pipistrellus pygmaeus,,Ja,Ja,,,Ja,,,Ja,,
205998,,Cnephaeus nilssonii,,Ja,Ja,,,Ja,,,Ja,,
206003,,Lepus europaeus,,,,,,,,,,,Ja
206017,,Myodes glareolus,,,,,,,,,,,
206026,,Vulpes vulpes,,,,,,,,,,,
206044,,Dama dama,,Ja,,,,,,,,,
206045,,Capreolus capreolus,,Ja,,,,,,,,,
206300,,Agapetus ochripes,,,,,,,,,,,
206353,,Polycentropus irroratus,,,,,,,,,,,
206359,,Hydropsyche pellucidula,,,,,,,,,,,
206361,,Hydropsyche siltalai,,,,,,,,,,,
206384,,Lepidostoma hirtum,,,,,,,,,,,
206508,,Oecetis testacea,,,,,,,,,,,
208245,,Bufo bufo,,Ja,,,,Ja,,,,,
208255,,Zootoca vivipara,,Ja,,,,Ja,,,,,
208262,,Calopteryx splendens,,,,,,,,,,,
208263,,Calopteryx virgo,,,,,,,,,,,
208266,,Lestes sponsa,,,,,,,,,,,
208270,,Pyrrhosoma nymphula,,,,,,,,,,,
208279,,Enallagma cyathigerum,,,,,,,,,,,
208287,,Aeshna grandis,,,,,,,,,,,
208289,,Aeshna cyanea,,,,,,,,,,,
208297,,Onychogomphus forcipatus,,,,,,,,,,,
208298,,Cordulegaster boltonii,,,,,,,,,,,
208311,,Libellula quadrimaculata,,,,,,,,,,,
208315,,Orthetrum coerulescens,,,,,,,,,,,
208317,,Sympetrum danae,,,,,,,,,,,
208319,,Sympetrum striolatum,,,,,,,,,,,
208320,,Sympetrum sanguineum,,,,,,,,,,,
213825,,Stigmella tityrella,,,,,,,,,,,
214065,,Parornix anglicella,,,,,,,,,,,
214126,,Scythropia crataegella,,,,,,,,,,,
214411,,Harpella forficella,,,,,,,,,,,
214458,,Coleophora juncicolella,,,,,,,,,,,
214780,,Dichomeris juniperella,,,,,,,,,,,
214815,,Cossus cossus,,,,,,,,,,,
215164,,Ancylis mitterbacheriana,,,,,,,,,,,
215295,,Emmelina monodactyla,,,,,,,,,,,
215314,,Endotricha flammealis,,,,,,,,,,,
215462,,Udea prunalis,,,,,,,,,,,
215581,,Colotois pennaria,,,,,,,,,,,
215584,,Phigalia pilosaria,,,,,,,,,,,
215590,,Biston betularia,,,,,,,,,,,
215591,,Agriopis leucophaearia,,,,,,,,,,,
215592,,Agriopis aurantiaria,,,,,,,,,,,
215593,,Agriopis marginaria,,,,,,,,,,,
215594,,Erannis defoliaria,,,,,,,,,,,
215595,,Peribatodes rhomboidaria,,,,,,,,,,,
215596,,Peribatodes secundaria,,,,,,,,,,,
215607,,Ectropis crepuscularia,,,,,,,,,,,
215639,,Jodis putata,,,,,,,,,,,
215668,,Idaea biselata,,,,,,,,,,,
215693,,Xanthorhoe spadicearia,,,,,,,,,,,
215721,,Cosmorhoe ocellata,,,,,,,,,,,
215724,,Eulithis populata,,,,,,,,,,,
215743,,Thera juniperata,,,,,,,,,,,
215774,,Operophtera brumata,,,,,,,,,,,
215775,,Operophtera fagata,,,,,,,,,,,
215931,,Rivula sericealis,,,,,,,,,,,
216031,,Enargia paleacea,,,,,,,,,,,
216039,,Cosmia trapezina,,,,,,,,,,,
216049,,Agrochola lota,,,,,,,,,,,
216056,,Conistra vaccinii,,,,,,,,,,,
216225,,Noctua pronuba,,,,,,,,,,,
218615,,Phylloneta sisyphia,,,,,,,,,,,
218805,,Neriene peltata,,,,,,,,,,,
218911,,Metellina mengei,,,,,,,,,,,
219021,,Dolomedes fimbriatus,,,,,,,,,,,
219070,,Anyphaena accentuata,,,,,,,,,,,
219181,,Diaea dorsata,,,,,,,,,,,
219182,,Misumena vatia,,,,,,,,,,,
219576,,Lysichiton americanus,,,,,,,,,,,Ja
219577,,Lysichiton camtschatcensis,,,,,,,,,,,Ja
219596,,Potamogeton polygonifolius,,,,,,,,,,,
219613,,Triglochin palustris,,,,,,,,,,,
219702,,Peucedanum palustre,,,,,,,,,,,
219733,,Phragmites australis,,,,,,,,,,,
219758,,Alnus glutinosa,,,,,,,,,,,
219841,,Iris versicolor,,,,,,,,,,,Ja
219872,,Ornithogalum umbellatum,,,,,,,,,,,Ja
219883,,Pseudotsuga menziesii,,,,,,,,,,,Ja
219909,,Achillea ptarmica,,,,,,,,,,,
219955,,Arnica montana,Ja,,,,,,,,,Ja,
220009,,Caltha palustris,,,,,,,,,,,
220018,,Campanula persicifolia,,,,,,,,,,,
220021,,Campanula rapunculoides,,,,,,,,,,,Ja
220023,,Campanula rotundifolia,,,,,,,,,,,
220028,,Carduus crispus,,,,,,,,,,,
220058,,Centaurea montana,,,,,,,,,,,Ja
220102,,Crepis paludosa,,,,,,,,,,,
220147,,Galinsoga quadriradiata,,,,,,,,,,,Ja
220148,,Galium mollugo subsp. erectum,,,,,,,,,,,
220205,,Hypochaeris radicata,,,,,,,,,,,
220227,,Scorzoneroides autumnalis,,,,,,,,,,,
220246,,Logfia minima,,,,,,,,,,,
220250,,Matteuccia struthiopteris,,,,,,,,,,,
220279,,Pilosella officinarum,,,,,,,,,,,
220286,,Pulmonaria affinis,,,,,,,,,,,Ja
220299,,Scorzonera humilis,,,,,,,,,,,
220307,,Jacobaea vulgaris,,,,,,,,,,,
220325,,Solidago canadensis,,,,,,,,,,,Ja
220345,,Tanacetum parthenium,,,,,,,,,,,
220346,,Tanacetum vulgare,,,,,,,,,,,
220450,,Calamagrostis arundinacea,,,,,,,,,,,
220585,,Rorippa palustris,,,,,,,,,,,
220686,,Blechnum spicant,,,,,,,,,,,
220765,,Dianthus deltoides,,,,,,,,,,,
220772,,Drosera intermedia,,,,,,,,,,,
220773,,Drosera rotundifolia,,,,,,,,,,,
220778,,Fagus sylvatica,,,,,,,,,,,
220782,,Reynoutria japonica,,,,,,,,,,,Ja
220785,,Fraxinus excelsior,,,,,,,,,,,
220811,,Lychnis flos-cuculi,,,,,,,,,,,
220825,,Molinia caerulea,,,,,,,,,,,
220832,,Myriophyllum alterniflorum,,,,,,,,,,,
220850,,Picea abies,,,,,,,,,,,
220912,,Saponaria officinalis,,,,,,,,,,,
220948,,Spergularia rubra,,,,,,,,,,,
220975,,Viscaria vulgaris,,,,,,,,,,,
220997,,Bellis perennis,,,,,,,,,,,
221046,,Succisa pratensis,,,,,,,,,,,
221092,,Erica tetralix,,,,,,,,,,,
221100,,Impatiens glandulifera,,,,,,,,,,,Ja
221102,,Impatiens parviflora,,,,,,,,,,,Ja
221111,,Lysimachia thyrsiflora,,,,,,,,,,,
221112,,Lysimachia vulgaris,,,,,,,,,,,
221154,,Lysimachia europaea,,,,,,,,,,,
221157,,Vaccinium myrtillus,,,,,,,,,,,
221158,,Vaccinium oxycoccos,,,,,,,,,,,
221160,,Vaccinium vitis-idaea,,,,,,,,,,,
221178,,Cardamine amara,,,,,,,,,,,
221186,,Comarum palustre,,,,,,,,,,,
221192,,Cytisus scoparius,,,,,,,,,,,
221222,,Lathyrus linifolius,,,,,,,,,,,
221248,,Lupinus polyphyllus,,,,,,,,,,,Ja
221304,,Securigera varia,,,,,,,,,,,Ja
221315,,Trifolium arvense,,,,,,,,,,,
221318,,Trifolium campestre,,,,,,,,,,,
221322,,Trifolium dubium,,,,,,,,,,,
221339,,Trifolium repens,,,,,,,,,,,
221394,,Betula pendula,,,,,,,,,,,
221395,,Betula pubescens,,,,,,,,,,,
221406,,Quercus robur,,,,,,,,,,,
221477,,Geranium macrorrhizum,,,,,,,,,,,Ja
221489,,Geranium sylvaticum,,,,,,,,,,,
221539,,Lobelia dortmanna,,,,,,,,,,,
221549,,Myosotis sylvatica,,,,,,,,,,,
221572,,Pulmonaria rubra,,,,,,,,,,,Ja
221573,,Pulmonaria saccharata,,,,,,,,,,,Ja
221577,,Sambucus racemosa,,,,,,,,,,,
221615,,Calluna vulgaris,,,,,,,,,,,
221626,,Digitalis purpurea,,,,,,,,,,,
221696,,Linaria repens,,,,,,,,,,,Ja
221704,,Melampyrum nemorosum,,,,,,,,,,,
221706,,Melampyrum sylvaticum,,,,,,,,,,,
221717,,Menyanthes trifoliata,Ja,,,,,,,,,,
221767,,Pinguicula vulgaris,,,,,,,,,,,
221774,,Plantago lanceolata,,,,,,,,,,,
221782,,Plantago uniflora,,,,,,,,,,,
221835,,Stachys sylvatica,,,,,,,,,,,
221852,,Utricularia intermedia,,,,,,,,,,,
221870,,Verbascum thapsus,,,,,,,,,,,
221887,,Veronica chamaedrys,,,,,,,,,,,
221893,,Veronica longifolia,,,,,,,,,,,
221895,,Veronica officinalis,,,,,,,,,,,
221901,,Veronica scutellata,,,,,,,,,,,
221945,,Lycopodium annotinum,,,,,,Ja,,,,Ja,
221955,,Andromeda polifolia,,,,,,,,,,,
221980,,Hypericum perforatum,,,,,,,,,,,
221987,,Mercurialis perennis,,,,,,,,,,,
222023,,Helianthus annuus,,,,,,,,,,,Ja
222025,,Knautia arvensis,,,,,,,,,,,
222087,,Lythrum salicaria,,,,,,,,,,,
222092,,Oenothera biennis,,,,,,,,,,,
222103,,Oenothera muricata,,,,,,,,,,,Ja
222119,,Oxalis acetosella,,,,,,,,,,,
222125,,Oxalis stricta,,,,,,,,,,,Ja
222163,,Pinus sylvestris,,,,,,,,,,,
222171,,Thuja plicata,,,,,,,,,,,Ja
222185,,Aegopodium podagraria,,,,,,,,,,,
222292,,Carex canescens,,,,,,,,,,,
222295,,Carex caryophyllea,,,,,,,,,,,
222298,,Carex demissa,,,,,,,,,,,
222301,,Carex dioica,,,,,,,,,,,
222307,,Carex elata,,,,,,,,,,,
222308,,Carex elongata,,,,,,,,,,,
222309,,Carex ericetorum,,,,,,,,,,,
222322,,Carex hostiana,,,,,,,,,,,
222326,,Carex lasiocarpa,,,,,,,,,,,
222338,,Carex montana,,,,,,,,,,,
222341,,Carex nigra,,,,,,,,,,,
222352,,Carex panicea,,,,,,,,,,,
222358,,Carex pilulifera,,,,,,,,,,,
222361,,Carex pulicaris,,,,,,,,,,,
222364,,Carex remota,,,,,,,,,,,
222367,,Carex rostrata,,,,,,,,,,,
222382,,Carex oederi,,,,,,,,,,,
222412,,Daphne mezereum,,,,,,,,,,,
222432,,Eleocharis multicaulis,,,,,,,,,,,
222433,,Eleocharis palustris,,,,,,,,,,,
222464,,Eriophorum angustifolium,,,,,,,,,,,
222498,,Hepatica nobilis,,,,,,Ja,,,,,
222524,,Juncus articulatus,,,,,,,,,,,
222527,,Juncus bulbosus,,,,,,,,,,,
222531,,Juncus conglomeratus,,,,,,,,,,,
222532,,Juncus effusus,,,,,,,,,,,
222534,,Juncus filiformis,,,,,,,,,,,
222569,,Luzula campestris,,,,,,,,,,,
222577,,Luzula pilosa,,,,,,,,,,,
222592,,Narthecium ossifragum,,,,,,,,,,,
222659,,Schoenoplectus lacustris,,,,,,,,,,,
222703,,Trichophorum cespitosum,,,,,,,,,,,
222736,,Athyrium filix-femina,,,,,,,,,,,
222782,,Anemone nemorosa,,,,,,,,,,,
222790,,Aquilegia vulgaris,,,,,,,,,,,
222812,,Convallaria majalis,,,,,,,,,,,
222823,,Corylus avellana,,,,,,,,,,,
222857,,Maianthemum bifolium,,,,,,,,,,,
222859,,Myrica gale,,,,,,,,,,,
222869,,Papaver dubium,,,,,,,,,,,
222886,,Pulsatilla vulgaris,,,,,,Ja,,,,,
222917,,Ranunculus repens,,,,,,,,,,,
222918,,Ranunculus reptans,,,,,,,,,,,
222947,,Alchemilla micans,,,,,,,,,,,
222978,,Aruncus dioicus,,,,,,,,,,,Ja
223026,,Filipendula ulmaria,,,,,,,,,,,
223027,,Filipendula vulgaris,,,,,,,,,,,
223030,,Fragaria vesca,,,,,,,,,,,
223038,,Geum urbanum,,,,,,,,,,,
223049,,Paris quadrifolia,,,,,,,,,,,
223057,,Potentilla erecta,,,,,,,,,,,
223086,,Prunus spinosa,,,,,,,,,,,
223122,,Rosa sherardii,,,,,,,,,,,
223156,,Rubus idaeus,,,,,,,,,,,
223246,,Ulmus glabra,,,,,,,,,,,
223284,,Salix caprea,,,,,,,,,,,
223356,,Phedimus spurius,,,,,,,,,,,Ja
223358,,Phegopteris connectilis,,,,,,,,,,,
223368,,Ribes rubrum,,,,,,,,,,,
223397,,Sedum acre,,,,,,,,,,,
223398,,Sedum album,,,,,,,,,,,
223504,,Lysichiton americanus × camtschatcensis,,,,,,,,,,,
223732,,Pilosella aurantiaca subsp. aurantiaca,,,,,,,,,,,
223757,,Pilosella officinarum subsp. officinarum,,,,,,,,,,,
223884,,Noccaea caerulescens subsp. caerulescens,,,,,,,,,,,
224194,,Galium aparine var. aparine,,,,,,,,,,,
224273,,Melampyrum pratense var. pratense,,,,,,,,,,,
224299,,Plantago lanceolata subsp. lanceolata,,,,,,,,,,,
224375,,Viola canina subsp. canina,,,,,,,,,,,
224422,,Malva alcea × moschata,,,,,,,,,,,
224494,,Nymphaea alba,,,,,,,,,,,
224666,,Carex nigra subsp. nigra,,,,,,,,,,,
224889,,Caltha palustris subsp. palustris,,,,,,,,,,,
224913,,Pulsatilla vulgaris subsp. vulgaris,,,,,,Ja,,,,,
225484,,Erpobdella octoculata,,,,,,,,,,,
225950,,Baetis rhodani,,,,,,,,,,,
225962,,Nigrobaetis niger,,,,,,,,,,,
225977,,Ephemera vulgata,,,,,,,,,,,
225983,,Heptagenia sulphurea,,,,,,,,,,,
226009,,Amphinemura borealis,,,,,,,,,,,
226011,,Amphinemura sulcicollis,,,,,,,,,,,
226013,,Brachyptera risi,,,,,,,,,,,
226023,,Isoperla grammatica,,,,,,,,,,,
226027,,Leuctra hippopus,,,,,,,,,,,
226028,,Leuctra nigra,,,,,,,,,,,
226031,,Nemoura cinerea,,,,,,,,,,,
226037,,Protonemura meyeri,,,,,,,,,,,
226264,,Stenodema laevigata,,,,,,,,,,,
226586,,Carpocoris purpureipennis,,,,,,,,,,,
228633,,Cladonia macilenta,,,,,,,,,,,
229369,,Microcalicium disseminatum,,,,,,,,,,,
229592,,Phlyctis argena,,,,,,,,,,,
229647,,Platismatia glauca,,,,,,,,,,,
230496,,Oniscus asellus,,,,,,,,,,,
232975,,Picea sitchensis,,,,,,,,,,,Ja
233257,,Lewinskya fastigiata,,,,,,,,,,,
233396,,Asellus aquaticus,,,,,,,,,,,
234207,,Anoplius viaticus,,,,,,,,,,,
234522,,Centrotus cornutus,,,,,,,,,,,
234704,,Cicadella viridis,,,,,,,,,,,
234998,,Panorpa communis,,,,,,,,,,,
240270,,Agathomyia wankowiczii,,,,,,,,,,,
244809,,Isotoma riparia,,,,,,,,,,,
244864,,Orchesella flavescens,,,,,,,,,,,
248558,,Obscuriphantes obscurus,,,,,,,,,,,
250411,,Graphocephala fennahi,,,,,,,,,,,Ja
253813,,Hericium cirrhatum,,,,,,,,,,,
259234,,Lophodermium seditiosum,,,,,,,,,,,
267127,,Galium palustre,,,,,,,,,,,
1001850,,Ithytrichia,,,,,,,,,,,
1001901,,Halesus,,,,,,,,,,,
1002296,,Rana,,,,,,,,,,,
1002857,,Oulimnius,,,,,,,,,,,
1005133,,Pisidium,,,,,,,,,,,
1005566,,Lysichiton,,,,,,,,,,,
1006385,,Alchemilla,,,,,,,,,,,
1006895,,Dicranota,,,,,,,,,,,
1006975,,Leptophlebia,,,,,,,,,,,
1006995,,Isoperla,,,,,,,,,,,
1006996,,Leuctra,,,,,,,,,,,
2000939,,Gerridae,,,,,,,,,,,
2001175,,Formicidae,,,,,,,,,,,
2001187,,Polycentropodidae,,,,,,,,,,,
2001194,,Limnephilidae,,,,,,,,,,,
2001300,,Simuliidae,,,,,,,,,,,
2001301,,Ceratopogonidae,,,,,,,,,,,
2001302,,Chironomidae,,,,,,,,,,,
2001850,,Hydrachnidae,,,,,,,,,,,
2002091,,Strigidae,,,,,,,,,,,
2002104,,Troglodytidae,,,,,,,,,,,
3000299,,Chiroptera,,,,,,,,,,,
4000051,,Clitellata,,,,,,,,,,,
6001673,,Urocystis trientalis,,,,,,,,,,,
6010576,,Sus scrofa,,,,,,,,,,,Ja
6032839,,Bryocentria brongniartii,,,,,,,,,,,
6326725,,Nyctalus/Cnephaeus/Vespertilio,,,,,,,,,,,
6331082,,Lewinskya affinis,,,,,,,,,,,
